Id;Nameauthor;fp_code;fp_code1;name;author;class;nds;Price
rus_efu_1;Комарова И.В.,Перретт Ж. Английский язык 2кл.;1.1.1.3.6.1;1.1.1.3.6.1;Английский язык 2кл.;Комарова И.В.,Перретт Ж.;2;0,18;105
rus_efu_2;Комарова Ю.А.,Ларионова И.В.,Перретт Ж. Английский язык 3кл.;1.1.1.3.6.2;1.1.1.3.6.2;Английский язык 3кл.;Комарова Ю.А.,Ларионова И.В.,Перретт Ж.;3;0,18;105
rus_efu_3;Комарова Ю.А.,Ларионова И.В.,Перретт Ж. Английский язык 4кл.;1.1.1.3.6.3;1.1.1.3.6.3;Английский язык 4кл.;Комарова Ю.А.,Ларионова И.В.,Перретт Ж.;4;0,18;105
rus_efu_4;Комарова Ю.А.,Ларионова И.В.,Грейнджер К. Английский язык 5кл.;1.2.1.3.7.1;1.2.1.3.7.1;Английский язык 5кл.;Комарова Ю.А.,Ларионова И.В.,Грейнджер К.;5;0,18;105
rus_efu_5;Комарова Ю.А., Ларионова И.В., Макбет К. Английский язык 6кл.;1.2.1.3.7.2;1.2.1.3.7.2;Английский язык 6кл.;Комарова Ю.А., Ларионова И.В., Макбет К.;6;0,18;105
rus_efu_6;Комарова Ю.А.,Ларионова И.В.,Макбет К. Английский язык 7кл.;1.2.1.3.7.3;1.2.1.3.7.3;Английский язык 7кл.;Комарова Ю.А.,Ларионова И.В.,Макбет К.;7;0,18;105
rus_efu_7;Комарова Ю.А.,Ларионова И.В.,Макбет К. Английский язык 8кл.;1.2.1.3.7.4;1.2.1.3.7.4;Английский язык 8кл.;Комарова Ю.А.,Ларионова И.В.,Макбет К.;8;0,18;105
rus_efu_8;Комарова Ю.А., Ларионова И.В., Макбет К. Английский язык 9кл.;1.2.1.3.7.5;1.2.1.3.7.5;Английский язык 9кл.;Комарова Ю.А., Ларионова И.В., Макбет К.;9;0,18;105
rus_efu_9;Комарова Ю.А.,Ларионова И.В.,Араванис Р.,Вассилакис Дж. Английский язык 10кл.;1.3.2.1.4.1;1.3.2.1.4.1;Английский язык 10кл.;Комарова Ю.А.,Ларионова И.В.,Араванис Р.,Вассилакис Дж.;10;0,18;105
rus_efu_10;Комарова Ю.А.,Ларионова И.В.,Араванис Р. ,Кокрейн С. Английский язык.11кл.;1.3.2.1.4.2;1.3.2.1.4.2;Английский язык.11кл.;Комарова Ю.А.,Ларионова И.В.,Араванис Р. ,Кокрейн С.;11;0,18;105
rus_efu_11;Исаева Т.А.,Романова Н.И. Биология 6 кл.;1.2.4.2.4.2;1.2.4.2.4.2;Биология 6 кл.;Исаева Т.А.,Романова Н.И.;6;0,18;105
rus_efu_12;Тихонова Е.Т.,Романова Н.И. Биология 7 кл.;1.2.4.2.4.3;1.2.4.2.4.3;Биология 7 кл.;Тихонова Е.Т.,Романова Н.И.;7;0,18;105
rus_efu_13;Плешаков А.А.,Введенский Э.Л. Биология.Введение в биологию. 5 класс;1.2.4.2.4.1;1.2.4.2.4.1;Биология.Введение в биологию. 5 класс;Плешаков А.А.,Введенский Э.Л.;5;0,18;105
rus_efu_14;Жемчугова М.Б.,Романова Н.И. Биология 8 кл.;1.2.4.2.4.4;1.2.4.2.4.4;Биология 8 кл.;Жемчугова М.Б.,Романова Н.И.;8;0,18;105
rus_efu_15;Данилов С.Б.,Романова Н.И.,Владимирская А.И. Биология 9 кл.;1.2.4.2.4.5;1.2.4.2.4.5;Биология 9 кл.;Данилов С.Б.,Романова Н.И.,Владимирская А.И.;9;0,18;105
rus_efu_16;Данилов С.Б.,Владимирская А.И.,Романова Н.И. Биология 10 кл.Базовый уровень;1.3.5.5.3.1;1.3.5.5.3.1;Биология 10 кл.Базовый уровень;Данилов С.Б.,Владимирская А.И.,Романова Н.И.;10;0,18;105
rus_efu_17;Данилов С.Б.,Владимирская А.И.,Романова Н.И. Биология 11 кл.Базовый уровень;1.3.5.5.3.2;1.3.5.5.3.2;Биология 11 кл.Базовый уровень;Данилов С.Б.,Владимирская А.И.,Романова Н.И.;11;0,18;105
rus_efu_18;Михайловский Ф. А. Всеобщая история.История древнего мира 5кл;1.2.2.2.4.1;1.2.2.2.4.1;Всеобщая история.История древнего мира 5кл;Михайловский Ф. А.;5;0,18;105
rus_efu_19;Бойцов М.А.,Шукуров Р.М. Всеобщая история.История средних веков 6кл.;1.2.2.2.4.2;1.2.2.2.4.2;Всеобщая история.История средних веков 6кл.;Бойцов М.А.,Шукуров Р.М.;6;0,18;105
rus_efu_20;Дмитриева О. В. Всеобщая история. История Нового времени.  Конец XV-XVIII век. 7 кл.;1.2.2.2.4.3;1.2.2.2.4.3;Всеобщая история. История Нового времени.  Конец XV-XVIII век. 7 кл.;Дмитриева О. В.;7;0,18;105
rus_efu_21;Н.В. Загладин Всеобщая история. История Нового времени XIX - начало XX века. 8 кл.;99.99.99.99.99.99;99.99.99.99.99.99;Всеобщая история. История Нового времени XIX - начало XX века. 8 кл.;Н.В. Загладин;8;0,18;105
rus_efu_22;Н.В. Загладин Всеобщая история. Новейшая история XX - начало XXI века. 9кл.;1.2.2.2.4.5;1.2.2.2.4.5;Всеобщая история. Новейшая история XX - начало XXI века. 9кл.;Н.В. Загладин;9;0,18;105
rus_efu_23;Загладин Н.В.,Симония Н.А. История. Всеобщая история (углубленный уровень) 10 кл.;1.3.3.2.1.1;1.3.3.2.1.1;История. Всеобщая история (углубленный уровень) 10 кл.;Загладин Н.В.,Симония Н.А.;10;0,18;105
rus_efu_24;Н.В. Загладин История. Всеобщая история (углубленный уровень) 11 кл.;1.3.3.2.1.2;1.3.3.2.1.2;История. Всеобщая история (углубленный уровень) 11 кл.;Н.В. Загладин;11;0,18;105
rus_efu_25;Домогацких Е.М.,Введенский Э.Л.,Плешаков А.А. География. Введение в географию 5кл.;1.2.2.4.3.1;1.2.2.4.3.1;География. Введение в географию 5кл.;Домогацких Е.М.,Введенский Э.Л.,Плешаков А.А.;5;0,18;105
rus_efu_26;Домогацких Е.М., Алексеевский Н.И. География 6кл.;1.2.2.4.3.2;1.2.2.4.3.2;География 6кл.;Домогацких Е.М., Алексеевский Н.И.;6;0,18;105
rus_efu_27;Домогацких Е.М.,Алексеевский Н.И. География 7кл. в 2-х чч.1ч.;1.2.2.4.3.3;1.2.2.4.3.3;География 7кл. в 2-х чч.1ч.;Домогацких Е.М.,Алексеевский Н.И.;7;0,18;105
rus_efu_28;Домогацких Е.М.,Алексеевский Н.И. География 7кл. в 2-х чч.2ч.;1.2.2.4.3.3;1.2.2.4.3.3;География 7кл. в 2-х чч.2ч.;Домогацких Е.М.,Алексеевский Н.И.;7;0,18;105
rus_efu_29;Домогацких Е.М.,Алексеевский Н.И. География 8 кл.ФГОС;1.2.2.4.3.4;1.2.2.4.3.4;География 8 кл.ФГОС;Домогацких Е.М.,Алексеевский Н.И.;8;0,18;105
rus_efu_30;Домогацких Е.М.,Алексеевский Н.И.,Клюев Н.Н. География 9кл.ФГОС;1.2.2.4.3.5;1.2.2.4.3.5;География 9кл.ФГОС;Домогацких Е.М.,Алексеевский Н.И.,Клюев Н.Н.;9;0,18;105
rus_efu_31;Домогацких Е.М.,Алексеевский Н.И. География (базовый уровень)10-11кл.1ч.;1.3.3.4.3.1;1.3.3.4.3.1;География (базовый уровень)10-11кл.1ч.;Домогацких Е.М.,Алексеевский Н.И.;10-11 кл;0,18;105
rus_efu_32;Домогацких Е.М.,Алексеевский Н.И. География (базовый уровень)10-11кл.2ч.;1.3.3.4.3.1;1.3.3.4.3.1;География (базовый уровень)10-11кл.2ч.;Домогацких Е.М.,Алексеевский Н.И.;10-11 кл;0,18;105
rus_efu_33;Домогацких Е.М.,Алексеевский Н.И. География (углубленный уровень)10кл.;1.3.3.5.1.1;1.3.3.5.1.1;География (углубленный уровень)10кл.;Домогацких Е.М.,Алексеевский Н.И.;10;0,18;105
rus_efu_34;Домогацких Е.М.,Алексеевский Н.И. География (углубленный уровень)11кл.;1.3.3.5.1.2;1.3.3.5.1.2;География (углубленный уровень)11кл.;Домогацких Е.М.,Алексеевский Н.И.;11;0,18;105
rus_efu_35;Введенский Э.Л.,Плешаков А.А. Естествознание.Введение в естественные науки 5кл.;2.2.5.1.2.1;2.2.5.1.2.1;Естествознание.Введение в естественные науки 5кл.;Введенский Э.Л.,Плешаков А.А.;5;0,18;105
rus_efu_36;Савенкова Л.Г., Ермолинская Е.А., Селиванова Т.В.,Селиванов Н.Л./Под ред.Савенковой Л.Г. Изобразительное искусство 1кл.;1.1.5.1.8.1;1.1.5.1.8.1;Изобразительное искусство 1кл.;Савенкова Л.Г., Ермолинская Е.А., Селиванова Т.В.,Селиванов Н.Л./Под ред.Савенковой Л.Г.;1;0,18;105
rus_efu_37;Савенкова Л.Г., Ермолинская Е.А., Селиванова Т.В.,Селиванов Н.Л./Под ред.Савенковой Л.Г. Изобразительное искусство 2кл.;1.1.5.1.8.2;1.1.5.1.8.2;Изобразительное искусство 2кл.;Савенкова Л.Г., Ермолинская Е.А., Селиванова Т.В.,Селиванов Н.Л./Под ред.Савенковой Л.Г.;2;0,18;105
rus_efu_38;Савенкова Л.Г., Ермолинская Е.А., Селиванова Т.В.,Селиванов Н.Л./Под ред.Савенковой Л.Г. Изобразительное искусство 3кл.;1.1.5.1.8.3;1.1.5.1.8.3;Изобразительное искусство 3кл.;Савенкова Л.Г., Ермолинская Е.А., Селиванова Т.В.,Селиванов Н.Л./Под ред.Савенковой Л.Г.;3;0,18;105
rus_efu_39;Савенкова Л.Г., Ермолинская Е.А., Селиванова Т.В.,Селиванов Н.Л./Под ред.Савенковой Л.Г. Изобразительное искусство 4кл.;1.1.5.1.8.4;1.1.5.1.8.4;Изобразительное искусство 4кл.;Савенкова Л.Г., Ермолинская Е.А., Селиванова Т.В.,Селиванов Н.Л./Под ред.Савенковой Л.Г.;4;0,18;105
rus_efu_40;Савенкова Л.Г.,Ермолинская Е.А.,Селиванов Н.Л.,Селиванова Т.В.,Павлова Г.В./Под.ред.Савенковой Л.Г. Изобразительное искусство 5-6кл.;1.2.5.1.4.1;1.2.5.1.4.1;Изобразительное искусство 5-6кл.;Савенкова Л.Г.,Ермолинская Е.А.,Селиванов Н.Л.,Селиванова Т.В.,Павлова Г.В./Под.ред.Савенковой Л.Г.;5-6 кл;0,18;105
rus_efu_41;Савенкова Л.Г.,Ермолинская Е.А.,Селиванов Н.Л.,Селиванова Т.В.,Павлова Г.В./Под ред.Савенковой Л.Г. Изобразительное искусство 7-8кл.;1.2.5.1.4.2;1.2.5.1.4.2;Изобразительное искусство 7-8кл.;Савенкова Л.Г.,Ермолинская Е.А.,Селиванов Н.Л.,Селиванова Т.В.,Павлова Г.В./Под ред.Савенковой Л.Г.;7-8 кл;0,18;105
rus_efu_42;Сахаров А.Н.,Загладин Н.В. История.История с древнейших времен до конца ХIХ в 10кл.Базовый уровень;1.3.3.1.6.1;1.3.3.1.6.1;История.История с древнейших времен до конца ХIХ в 10кл.Базовый уровень;Сахаров А.Н.,Загладин Н.В.;10;0,18;105
rus_efu_43;Загладин Н.В.,Петров Ю.А. История.Конец XIX-начало XXI века.Базовый уровень 11кл.;1.3.3.1.6.2;1.3.3.1.6.2;История.Конец XIX-начало XXI века.Базовый уровень 11кл.;Загладин Н.В.,Петров Ю.А.;11;0,18;105
rus_efu_44;Пчелов Е.В.,Лукин П.В./Под ред.Петрова Ю.А. История России с древнейших времен до начала XVI века 6кл.;1.2.2.1.8.1;1.2.2.1.8.1;История России с древнейших времен до начала XVI века 6кл.;Пчелов Е.В.,Лукин П.В./Под ред.Петрова Ю.А.;6;0,18;105
rus_efu_45;Пчелов Е. В. История России 7 кл. XVII — XVIII века. Учебник.;1.2.2.1.8.2;1.2.2.1.8.2;История России 7 кл. XVII — XVIII века. Учебник.;Пчелов Е. В.;7;0,18;105
rus_efu_46;Захаров В.Н.,Пчелов Е.В./Под ред.Петрова Ю.А. История России XVIII век. 8 кл.;1.2.2.1.8.3;1.2.2.1.8.3;История России XVIII век. 8 кл.;Захаров В.Н.,Пчелов Е.В./Под ред.Петрова Ю.А.;8;0,18;105
rus_efu_47;Соловьев К.А.,Шевырев А.П./Под ред.Петрова Ю.А. История России 9кл. 1801-1914гг.;1.2.2.1.8.4;1.2.2.1.8.4;История России 9кл. 1801-1914гг.;Соловьев К.А.,Шевырев А.П./Под ред.Петрова Ю.А.;9;0,18;105
rus_efu_48;Рахимбекова Л. Ш. Китайский язык 10 кл.;99.99.99.99.99.99;99.99.99.99.99.99;Китайский язык 10 кл.;Рахимбекова Л. Ш.;10;0,18;105
rus_efu_49;Рахимбекова Л. Ш. Китайский язык 11 кл.;99.99.99.99.99.99;99.99.99.99.99.99;Китайский язык 11 кл.;Рахимбекова Л. Ш.;11;0,18;105
rus_efu_50;Меркин Г.С. Литература 5кл.1ч.;1.2.1.2.4.1;1.2.1.2.4.1;Литература 5кл.1ч.;Меркин Г.С.;5;0,18;105
rus_efu_51;Меркин Г.С. Литература 5кл.2ч.;1.2.1.2.4.1;1.2.1.2.4.1;Литература 5кл.2ч.;Меркин Г.С.;5;0,18;105
rus_efu_52;Меркин Г.С. Литература 6кл.1ч.;1.2.1.2.4.2;1.2.1.2.4.2;Литература 6кл.1ч.;Меркин Г.С.;6;0,18;105
rus_efu_53;Меркин Г.С. Литература 6кл.2ч.;1.2.1.2.4.2;1.2.1.2.4.2;Литература 6кл.2ч.;Меркин Г.С.;6;0,18;105
rus_efu_54;Меркин Г.С. Литература 7кл.1ч.;1.2.1.2.4.3;1.2.1.2.4.3;Литература 7кл.1ч.;Меркин Г.С.;7;0,18;105
rus_efu_55;Меркин Г.С. Литература 7кл.2ч.;1.2.1.2.4.3;1.2.1.2.4.3;Литература 7кл.2ч.;Меркин Г.С.;7;0,18;105
rus_efu_56;Меркин Г.С. Литература 8кл.1ч.;1.2.1.2.4.4;1.2.1.2.4.4;Литература 8кл.1ч.;Меркин Г.С.;8;0,18;105
rus_efu_57;Меркин Г.С. Литература 8кл.2ч.;1.2.1.2.4.4;1.2.1.2.4.4;Литература 8кл.2ч.;Меркин Г.С.;8;0,18;105
rus_efu_58;Зинин С.А.,Сахаров В.И.,Чалмаев В.А. Литература 9кл.1ч.;1.2.1.2.4.5;1.2.1.2.4.5;Литература 9кл.1ч.;Зинин С.А.,Сахаров В.И.,Чалмаев В.А.;9;0,18;105
rus_efu_59;Зинин С.А.,Сахаров В.И.,Чалмаев В.А. Литература 9кл.2ч.;1.2.1.2.4.5;1.2.1.2.4.5;Литература 9кл.2ч.;Зинин С.А.,Сахаров В.И.,Чалмаев В.А.;9;0,18;105
rus_efu_60;Гулин А.В.,Романова А.Н. Литература 5кл.1ч.;99.99.99.99.99.99;99.99.99.99.99.99;Литература 5кл.1ч.;Гулин А.В.,Романова А.Н.;5;0,18;105
rus_efu_61;Гулин А.В.,Романова А.Н. Литература 5кл.2ч.;99.99.99.99.99.99;99.99.99.99.99.99;Литература 5кл.2ч.;Гулин А.В.,Романова А.Н.;5;0,18;105
rus_efu_62;Гулин А.В.,Романова А.Н. Литература 6кл.2ч.;99.99.99.99.99.99;99.99.99.99.99.99;Литература 6кл.2ч.;Гулин А.В.,Романова А.Н.;6;0,18;105
rus_efu_63;Гулин А.В.,Романова А.Н. Литература 6кл.2ч.;99.99.99.99.99.99;99.99.99.99.99.99;Литература 6кл.2ч.;Гулин А.В.,Романова А.Н.;6;0,18;105
rus_efu_64;Гулин А.В.,Романова А.Н. Литература 7кл.1ч.;99.99.99.99.99.99;99.99.99.99.99.99;Литература 7кл.1ч.;Гулин А.В.,Романова А.Н.;7;0,18;105
rus_efu_65;Гулин А.В.,Романова А.Н. Литература 7кл.2ч.;99.99.99.99.99.99;99.99.99.99.99.99;Литература 7кл.2ч.;Гулин А.В.,Романова А.Н.;7;0,18;105
rus_efu_66;Гулин А.В.,Романова А.Н. Литература 8кл.1ч.;99.99.99.99.99.99;99.99.99.99.99.99;Литература 8кл.1ч.;Гулин А.В.,Романова А.Н.;8;0,18;105
rus_efu_67;Гулин А.В.,Романова А.Н. Литература 8кл.2ч.;99.99.99.99.99.99;99.99.99.99.99.99;Литература 8кл.2ч.;Гулин А.В.,Романова А.Н.;8;0,18;105
rus_efu_68;Гулин А.В.,Романова А.Н. Литература 9кл.1ч.;99.99.99.99.99.99;99.99.99.99.99.99;Литература 9кл.1ч.;Гулин А.В.,Романова А.Н.;9;0,18;105
rus_efu_69;Гулин А.В.,Романова А.Н. Литература 9кл.2ч.;99.99.99.99.99.99;99.99.99.99.99.99;Литература 9кл.2ч.;Гулин А.В.,Романова А.Н.;9;0,18;105
rus_efu_70;Козлов В.В., Никитин А.А., Белоносов В.С. и др. / Под ред. Козлова В.В. и Никитина А.А. Математика 5кл.;1.2.3.1.9.1;1.2.3.1.9.1;Математика 5кл.;Козлов В.В., Никитин А.А., Белоносов В.С. и др. / Под ред. Козлова В.В. и Никитина А.А.;5;0,18;105
rus_efu_71;Козлов В.В., Никитин А.А., Белоносов В.С. и др. / Под ред. Козлова В.В. и Никитина А.А. Математика 6кл.;1.2.3.1.9.2;1.2.3.1.9.2;Математика 6кл.;Козлов В.В., Никитин А.А., Белоносов В.С. и др. / Под ред. Козлова В.В. и Никитина А.А.;6;0,18;105
rus_efu_72;Козлов В.В.,Никитин А.А.,Белоносов В.С. и др./Под ред. Козлова В.В. и Никитина А.А. Математика.Алгебра и геометрия 7кл.;1.2.3.1.9.3;1.2.3.1.9.3;Математика.Алгебра и геометрия 7кл.;Козлов В.В.,Никитин А.А.,Белоносов В.С. и др./Под ред. Козлова В.В. и Никитина А.А.;7;0,18;105
rus_efu_73;Козлов В.В.,Никитин А.А.,Белоносов В.С. и др.Под ред. Козлова В.В. и Никитина А.А. Математика.Алгебра и геометрия 8кл.;1.2.3.1.9.4;1.2.3.1.9.4;Математика.Алгебра и геометрия 8кл.;Козлов В.В.,Никитин А.А.,Белоносов В.С. и др.Под ред. Козлова В.В. и Никитина А.А.;8;0,18;105
rus_efu_74;Козлов В.В.,Никитин А.А.,Белоносов В.С. и др.Под ред. Козлова В.В. и Никитина А.А. Математика.Алгебра и геометрия 9кл.;1.2.3.1.9.5;1.2.3.1.9.5;Математика.Алгебра и геометрия 9кл.;Козлов В.В.,Никитин А.А.,Белоносов В.С. и др.Под ред. Козлова В.В. и Никитина А.А.;9;0,18;105
rus_efu_75;Козлов В.В.,Никитин А.А.,Белоносов В.С. и др./Под ред.Козлова В.В.,Никитина А.А. Математика.Алгебра и геометрия 10кл.Базовый и углубленный уровни;1.3.4.1.5.1;1.3.4.1.5.1;Математика.Алгебра и геометрия 10кл.Базовый и углубленный уровни;Козлов В.В.,Никитин А.А.,Белоносов В.С. и др./Под ред.Козлова В.В.,Никитина А.А.;10;0,18;105
rus_efu_76;Козлов В.В.,Никитин А.А.,Белоносов В.С. и др./Под ред.Козлова В.В.,Никитина А.А. Математика.Алгебра и геометрия 11кл.Базовый и углублённый уровни;1.3.4.1.5.2;1.3.4.1.5.2;Математика.Алгебра и геометрия 11кл.Базовый и углублённый уровни;Козлов В.В.,Никитин А.А.,Белоносов В.С. и др./Под ред.Козлова В.В.,Никитина А.А.;11;0,18;105
rus_efu_77;Рытов Д.А. Музыка 1кл.;1.1.5.2.6.1;1.1.5.2.6.1;Музыка 1кл.;Рытов Д.А.;1;0,18;105
rus_efu_78;Рытов Д.А. Музыка 2кл.;1.1.5.2.6.2;1.1.5.2.6.2;Музыка 2кл.;Рытов Д.А.;2;0,18;105
rus_efu_79;Рытов Д.А. Музыка 3кл.;1.1.5.2.6.3;1.1.5.2.6.3;Музыка 3кл.;Рытов Д.А.;3;0,18;105
rus_efu_80;Рытов Д.А. Музыка 3кл.;1.1.5.2.6.3;1.1.5.2.6.3;Музыка 3кл.;Рытов Д.А.;3;0,18;105
rus_efu_81;Рытов Д.А. Музыка 4кл. ч.1;1.1.5.2.6.4;1.1.5.2.6.4;Музыка 4кл. ч.1;Рытов Д.А.;4;0,18;105
rus_efu_82;Рытов Д.А. Музыка 4кл. ч.2;1.1.5.2.6.4;1.1.5.2.6.4;Музыка 4кл. ч.2;Рытов Д.А.;4;0,18;105
rus_efu_83;Аюбов Э.Н.,Прищепов Д.З.,Муркова М.В. Основы безопасности жизнедеятельности 8кл.;99.99.99.99.99.99;99.99.99.99.99.99;Основы безопасности жизнедеятельности 8кл.;Аюбов Э.Н.,Прищепов Д.З.,Муркова М.В.;8;0,18;105
rus_efu_84;Аюбов Э.Н.,Прищепов Д.З.,Муркова М.В. Основы безопасности жизнедеятельности 9кл.;99.99.99.99.99.99;99.99.99.99.99.99;Основы безопасности жизнедеятельности 9кл.;Аюбов Э.Н.,Прищепов Д.З.,Муркова М.В.;9;0,18;105
rus_efu_85;Аюбов Э.Н.,Прищепов Д.З.,Муркова М.В. Основы безопасности жизнедеятельности 10кл.;99.99.99.99.99.99;99.99.99.99.99.99;Основы безопасности жизнедеятельности 10кл.;Аюбов Э.Н.,Прищепов Д.З.,Муркова М.В.;10;0,18;105
rus_efu_86;Сахаров А.Н., Кочегаров К.А., Мухаметшин Р.М. / Под ред. Сахарова А.Н. Основы религиозных культур народов России  5кл.;2.2.4.1.2.1;2.2.4.1.2.1;Основы религиозных культур народов России  5кл.;Сахаров А.Н., Кочегаров К.А., Мухаметшин Р.М. / Под ред. Сахарова А.Н.;5;0,18;105
rus_efu_87;Студеникин М.Т. Основы светской этики  5кл.;2.2.4.1.2.2;2.2.4.1.2.2;Основы светской этики  5кл.;Студеникин М.Т.;5;0,18;105
rus_efu_88;Бородина А.В. Основы православной культуры 4кл.;1.1.4.1.6.3;1.1.4.1.6.3;Основы православной культуры 4кл.;Бородина А.В.;4;0,18;105
rus_efu_89;Янушкявичене О.Л., Васечко Ю.С., протоиерей Виктор Дорофеев, Яшина О.Н. Основы православной культуры 4кл.;1.1.4.1.6.4;1.1.4.1.6.4;Основы православной культуры 4кл.;Янушкявичене О.Л., Васечко Ю.С., протоиерей Виктор Дорофеев, Яшина О.Н.;4;0,18;105
rus_efu_90;Сахаров А.Н., Кочегаров К.А. / Под ред. Сахарова  А.Н. Основы религиозных культур народов России  4кл.;1.1.4.1.6.1;1.1.4.1.6.1;Основы религиозных культур народов России  4кл.;Сахаров А.Н., Кочегаров К.А. / Под ред. Сахарова  А.Н.;4;0,18;105
rus_efu_91;Студеникин М.Т. Основы светской этики  4кл. ФГОС;1.1.4.1.6.2;1.1.4.1.6.2;Основы светской этики  4кл. ФГОС;Студеникин М.Т.;4;0,18;105
rus_efu_92;Певцова Е.А. Право.Основы правовой культуры (базовый и углубленный уровни)  10кл.1ч.;1.3.3.8.2.1;1.3.3.8.2.1;Право.Основы правовой культуры (базовый и углубленный уровни)  10кл.1ч.;Певцова Е.А.;10;0,18;105
rus_efu_93;Певцова Е.А. Право.Основы правовой культуры (базовый и углубленный уровни)  10кл.2ч.;1.3.3.8.2.1;1.3.3.8.2.1;Право.Основы правовой культуры (базовый и углубленный уровни)  10кл.2ч.;Певцова Е.А.;10;0,18;105
rus_efu_94;Певцова Е.А. Право.Основы правовой культуры (базовый и углубленный уровни)  11кл.1ч.;1.3.3.8.2.2;1.3.3.8.2.2;Право.Основы правовой культуры (базовый и углубленный уровни)  11кл.1ч.;Певцова Е.А.;11;0,18;105
rus_efu_95;Певцова Е.А. Право.Основы правовой культуры (базовый и углубленный уровни)  11кл.2ч.;1.3.3.8.2.2;1.3.3.8.2.2;Право.Основы правовой культуры (базовый и углубленный уровни)  11кл.2ч.;Певцова Е.А.;11;0,18;105
rus_efu_96;Быстрова Е.А.,Кибирева Л.В. и др. /Под ред. Быстровой Е.А. Русский язык 5кл.1ч.;1.2.1.1.3.1;1.2.1.1.3.1;Русский язык 5кл.1ч.;Быстрова Е.А.,Кибирева Л.В. и др. /Под ред. Быстровой Е.А.;5;0,18;105
rus_efu_97;Быстрова Е.А.,Кибирева Л.В. и др. /Под ред. Быстровой Е.А Русский язык 5кл.2ч.;1.2.1.1.3.1;1.2.1.1.3.1;Русский язык 5кл.2ч.;Быстрова Е.А.,Кибирева Л.В. и др. /Под ред. Быстровой Е.А;5;0,18;105
rus_efu_98;Быстрова Е.А., Кибирева Л.В. и др. / Под ред. Быстровой Е.А. Русский язык 6кл.1ч.;1.2.1.1.3.2;1.2.1.1.3.2;Русский язык 6кл.1ч.;Быстрова Е.А., Кибирева Л.В. и др. / Под ред. Быстровой Е.А.;6;0,18;105
rus_efu_99;Быстрова Е.А., Кибирева Л.В. и др. / Под ред. Быстровой Е.А. Русский язык 6кл.2ч.;1.2.1.1.3.2;1.2.1.1.3.2;Русский язык 6кл.2ч.;Быстрова Е.А., Кибирева Л.В. и др. / Под ред. Быстровой Е.А.;6;0,18;105
rus_efu_100;Быстрова Е.А., Кибирева Л.В. и др. / Под ред. Быстровой Е.А. Русский язык 7кл.1ч.;1.2.1.1.3.3;1.2.1.1.3.3;Русский язык 7кл.1ч.;Быстрова Е.А., Кибирева Л.В. и др. / Под ред. Быстровой Е.А.;7;0,18;105
rus_efu_101;Быстрова Е.А., Кибирева Л.В. и др. / Под ред. Быстровой Е.А. Русский язык 7кл.2ч.;1.2.1.1.3.3;1.2.1.1.3.3;Русский язык 7кл.2ч.;Быстрова Е.А., Кибирева Л.В. и др. / Под ред. Быстровой Е.А.;7;0,18;105
rus_efu_102;Быстрова Е.А., Кибирева Л.В. и др. / Под ред. Быстровой Е.А. Русский язык 8кл. 1ч.;1.2.1.1.3.4;1.2.1.1.3.4;Русский язык 8кл. 1ч.;Быстрова Е.А., Кибирева Л.В. и др. / Под ред. Быстровой Е.А.;8;0,18;105
rus_efu_103;Быстрова Е.А., Кибирева Л.В. и др. / Под ред. Быстровой Е.А. Русский язык 8кл. 2ч.;1.2.1.1.3.4;1.2.1.1.3.4;Русский язык 8кл. 2ч.;Быстрова Е.А., Кибирева Л.В. и др. / Под ред. Быстровой Е.А.;8;0,18;105
rus_efu_104;Быстрова Е.А., Кибирева Л.В. и др. / Под ред. Быстровой Е.А. Русский язык 9кл. 1ч.;1.2.1.1.3.5;1.2.1.1.3.5;Русский язык 9кл. 1ч.;Быстрова Е.А., Кибирева Л.В. и др. / Под ред. Быстровой Е.А.;9;0,18;105
rus_efu_105;Быстрова Е.А., Кибирева Л.В. и др. / Под ред. Быстровой Е.А. Русский язык 9кл. 2ч.;1.2.1.1.3.5;1.2.1.1.3.5;Русский язык 9кл. 2ч.;Быстрова Е.А., Кибирева Л.В. и др. / Под ред. Быстровой Е.А.;9;0,18;105
rus_efu_106;Зинин С.А., Сахаров В.И. Литература 10кл.1ч.;1.3.1.1.3.2;1.3.1.1.3.2;Литература 10кл.1ч.;Зинин С.А., Сахаров В.И.;10;0,18;105
rus_efu_107;Зинин С.А., Сахаров В.И. Литература 10кл.2ч.;1.3.1.1.3.2;1.3.1.1.3.2;Литература 10кл.2ч.;Зинин С.А., Сахаров В.И.;10;0,18;105
rus_efu_108;Зинин С.А.,Чалмаев В.А. Литература 11кл. 1ч.;1.3.1.1.3.3;1.3.1.1.3.3;Литература 11кл. 1ч.;Зинин С.А.,Чалмаев В.А.;11;0,18;105
rus_efu_109;Зинин С.А.,Чалмаев В.А. Литература 11кл. 2ч.;1.3.1.1.3.3;1.3.1.1.3.3;Литература 11кл. 2ч.;Зинин С.А.,Чалмаев В.А.;11;0,18;105
rus_efu_110;Гольцова Н.Г., Шамшин И.В., Мищерина М.А. Русский язык 10-11 кл.Базовый уровень.В 2-х чч.1часть;1.3.1.1.3.1;1.3.1.1.3.1;Русский язык 10-11 кл.Базовый уровень.В 2-х чч.1часть;Гольцова Н.Г., Шамшин И.В., Мищерина М.А.;10-11 кл;0,18;105
rus_efu_111;Гольцова Н.Г., Шамшин И.В., Мищерина М.А. Русский язык 10-11 кл.Базовый уровень.В 2-х чч.2часть;1.3.1.1.3.1;1.3.1.1.3.1;Русский язык 10-11 кл.Базовый уровень.В 2-х чч.2часть;Гольцова Н.Г., Шамшин И.В., Мищерина М.А.;10-11 кл;0,18;105
rus_efu_112;Огерчук Л.Ю. Технология 1кл.;1.1.6.1.7.1;1.1.6.1.7.1;Технология 1кл.;Огерчук Л.Ю.;1;0,18;105
rus_efu_113;Огерчук Л.Ю. Технология 2кл.;1.1.6.1.7.2;1.1.6.1.7.2;Технология 2кл.;Огерчук Л.Ю.;2;0,18;105
rus_efu_114;Огерчук Л.Ю. Технология 3кл.;1.1.6.1.7.3;1.1.6.1.7.3;Технология 3кл.;Огерчук Л.Ю.;3;0,18;105
rus_efu_115;Огерчук Л.Ю. Технология 4кл.1ч.;1.1.6.1.7.4;1.1.6.1.7.4;Технология 4кл.1ч.;Огерчук Л.Ю.;4;0,18;105
rus_efu_116;Огерчук Л.Ю. Технология 4кл.2ч.;1.1.6.1.7.4;1.1.6.1.7.4;Технология 4кл.2ч.;Огерчук Л.Ю.;4;0,18;105
rus_efu_117;Изергин Э. Т. Физика 7 кл.;99.99.99.99.99.99;99.99.99.99.99.99;Физика 7 кл.;Изергин Э. Т.;7;0,18;105
rus_efu_118;Изергин Э. Т. Физика 8 кл.;99.99.99.99.99.99;99.99.99.99.99.99;Физика 8 кл.;Изергин Э. Т.;8;0,18;105
rus_efu_119;Изергин Э. Т. Физика 9 кл.;99.99.99.99.99.99;99.99.99.99.99.99;Физика 9 кл.;Изергин Э. Т.;9;0,18;105
rus_efu_120;Барышников В.Я., Белоусов А.И. / Под ред. Виленского М.Я. Физическая культура 1-2 классы;1.1.7.1.1.1;1.1.7.1.1.1;Физическая культура 1-2 классы;Барышников В.Я., Белоусов А.И. / Под ред. Виленского М.Я.;1-2 кл;0,18;105
rus_efu_121;Барышников В.Я., Белоусов А.И. / Под ред. Виленского М.Я. Физическая культура 3-4 классы;1.1.7.1.1.2;1.1.7.1.1.2;Физическая культура 3-4 классы;Барышников В.Я., Белоусов А.И. / Под ред. Виленского М.Я.;3-4 кл;0,18;105
rus_efu_122;Гурьев С.В./под ред.Виленского М.Я. Физическая культура 5-7 классы;1.2.7.1.1.1;1.2.7.1.1.1;Физическая культура 5-7 классы;Гурьев С.В./под ред.Виленского М.Я.;5-7 кл;0,18;105
rus_efu_123;Гурьев С.В./Под ред.Виленского М.Я. Физическая культура 8-9 классы;1.2.7.1.1.2;1.2.7.1.1.2;Физическая культура 8-9 классы;Гурьев С.В./Под ред.Виленского М.Я.;8-9 кл;0,18;105
rus_efu_124;Андрюхина Т.В.,Третьякова Н.В. /Под ред.Виленского М.Я. Физическая культура 10-11 классы;1.3.6.1.1.1;1.3.6.1.1.1;Физическая культура 10-11 классы;Андрюхина Т.В.,Третьякова Н.В. /Под ред.Виленского М.Я.;10-11 кл;0,18;105
rus_efu_125;Новошинский И.И.,Новошинская Н.С. Химия 8кл.;99.99.99.99.99.99;99.99.99.99.99.99;Химия 8кл.;Новошинский И.И.,Новошинская Н.С.;8;0,18;105
rus_efu_126;Новошинский И.И.,Новошинская Н.С. Химия 9кл.;99.99.99.99.99.99;99.99.99.99.99.99;Химия 9кл.;Новошинский И.И.,Новошинская Н.С.;9;0,18;105
rus_efu_127;Новошинский И.И.,Новошинская Н.С. Химия 10 кл.Углубленый уровень;1.3.5.4.4.1;1.3.5.4.4.1;Химия 10 кл.Углубленый уровень;Новошинский И.И.,Новошинская Н.С.;10;0,18;105
rus_efu_128;Новошинский И.И.,Новошинская Н.С. Химия 10 кл. Базовый уровень;99.99.99.99.99.99;99.99.99.99.99.99;Химия 10 кл. Базовый уровень;Новошинский И.И.,Новошинская Н.С.;10;0,18;105
rus_efu_129;Новошинский И.И.,Новошинская Н.С. Химия 11кл.Углубленный уровень;1.3.5.4.4.2;1.3.5.4.4.2;Химия 11кл.Углубленный уровень;Новошинский И.И.,Новошинская Н.С.;11;0,18;105
rus_efu_130;Новошинский И.И.,Новошинская Н.С. Химия 11кл.Базовый уровень;1.3.5.4.4.2;1.3.5.4.4.2;Химия 11кл.Базовый уровень;Новошинский И.И.,Новошинская Н.С.;11;0,18;105
rus_efu_131;Мамедов Н.М.,Суравегина И.Т. Экология 10 кл.Базовый уровень;1.3.6.2.1.1;1.3.6.2.1.1;Экология 10 кл.Базовый уровень;Мамедов Н.М.,Суравегина И.Т.;10;0,18;105
rus_efu_132;Мамедов Н.М.,Суравегина И.Т. Экология 11 кл.Базовый уровень;1.3.6.2.1.2;1.3.6.2.1.2;Экология 11 кл.Базовый уровень;Мамедов Н.М.,Суравегина И.Т.;11;0,18;105